﻿[
{
"icon":"http://10.62.122.11:8080/img/img01.png",
"title":"龙山县洛塔岩口",
"content":"龙山县洛塔岩口海拔1000多米的高山上，云涛来袭，美不胜收"
},
{
"icon":"http://10.62.122.11:8080/img/img02.png",
"title":"生态动物园",
"content":"九尾狐猴妈妈的背上趴着刚出生不久的九尾狐猴宝宝"
},
{
"icon":"http://10.62.122.11:8080/img/img03.png",
"title":"王陵公园",
"content":"受气候影响，原本要到9月才开放的桂花，提前零星开放，香气四溢"
},
{
"icon":"http://10.62.122.11:8080/img/img04.png",
"title":"龙山县桶车乡",
"content":"朝霞满天，雾涌群山"
},
{
"icon":"http://10.62.122.11:8080/img/img05.png",
"title":"人民广场鸟瞰图",
"content":"人民广场鸟瞰图"
},
{
"icon":"http://10.62.122.11:8080/img/img06.png",
"title":"龙亭湖风景区",
"content":"景色怡人，惹人驻足"
},
{
"icon":"http://10.62.122.11:8080/img/img07.png",
"title":"吉首市乾州古城万溶江",
"content":"蓝天白云映照的江畔格外美丽"
},{
"icon":"http://10.62.122.11:8080/img/img08.png",
"title":"万佛山景区",
"content":"优美独特的风景，吸引来自全国各地的摄影爱好者及游客"
},
{
"icon":"http://10.62.122.11:8080/img/img09.png",
"title":"龙亭西湖",
"content":"龙亭西湖内种植的大量莲藕依然鲜花盛开，花色娇艳，格外迷人"
},
{
"icon":"http://10.62.122.11:8080/img/img10.png",
"title":"郴州市西河市区段风景",
"content":"该市对西河实施河道岸线、沿河绿化带、旅游道路等建设"
}
]